{"epoch": 99, "loss": 0.695882122572294, "train_accuracy": 49.99087147030185, "_timestamp": 1701707210.525162, "_runtime": 1095.6878490447998, "_step": 199, "val_loss": 0.6933816232422526, "val_accuracy": 49.3792599805258, "_wandb": {"runtime": 1095}}