{"epoch": 99, "loss": 0.6910334660651836, "train_accuracy": 51.29851853747154, "_timestamp": 1700960486.7773843, "_runtime": 667.6609532833099, "_step": 199, "val_loss": 0.6932909519843806, "val_accuracy": 51.70402210623273, "_wandb": {"runtime": 667}}